{
  "Product": [
    {
      "id": "1",
      "name": "anu",
      "description": "deer",
      "price": "8922"
    },
    {
      "id": "2",
      "name": "anu",
      "description": "d",
      "price": "88"
    },
    {
      "id": "3",
      "name": "kk",
      "description": "yuu",
      "price": "23"
    },
    {
      "id": "4",
      "name": "angular",
      "description": "yuu",
      "price": "89"
    },
    {
      "id": "10",
      "name": "anu",
      "description": "d",
      "price": "d"
    },
    {
      "id": "6",
      "name": "anu",
      "description": "iuiu",
      "price": "89"
    },
    {
      "id": 56,
      "name": "thjty567",
      "description": "gn",
      "price": 89
    }
  ],
  "register": [
    {
      "firstName": "r",
      "lastName": "tt",
      "username": "ttt",
      "password": "tttttt",
      "id": "EE3bEHo"
    },
    {
      "firstName": "anusha",
      "lastName": "nayak",
      "username": "aaaa",
      "password": "aaaaaa",
      "id": "l-YiTgd"
    },
    {
      "firstName": "anusha",
      "lastName": "nayak",
      "username": "anusha",
      "password": "123456",
      "id": "_-98FFQ"
    },
    {
      "firstName": "asd",
      "lastName": "asd",
      "username": "aaa",
      "password": "asdfgh",
      "id": "j4yOBOn"
    },
    {
      "firstName": "as",
      "lastName": "as",
      "username": "lkjh",
      "password": "zzzzzz",
      "id": "inikxT4"
    },
    {
      "firstName": "akshatha",
      "lastName": "nayak",
      "username": "akku",
      "password": "123456",
      "id": "UezfT-a"
    },
    {
      "firstName": "anusha",
      "lastName": "nayak",
      "username": "anusha",
      "password": "123456",
      "id": "QCqQVPO"
    },
    {
      "firstName": "anusha",
      "lastName": "nayak",
      "username": "anusha",
      "password": "1234567",
      "id": "ju8ngDX"
    },
    {
      "firstName": "aa",
      "lastName": "aa",
      "username": "anush",
      "password": "1234567",
      "id": "Wy3rG4B"
    },
    {
      "firstName": "aaa",
      "lastName": "aaa",
      "username": "aaa",
      "password": "aaaaaa",
      "id": "XWECxIe"
    },
    {
      "firstName": "aaa",
      "lastName": "aaa",
      "username": "aaa",
      "password": "aaaaaa",
      "id": "q7EAPpM"
    },
    {
      "firstName": "aa",
      "lastName": "aa",
      "username": "aa",
      "password": "aaaaaa",
      "id": "hAWOYjE"
    },
    {
      "id": "mChVxeW"
    },
    {
      "id": "dkNcbs5"
    },
    {
      "firstName": "ll",
      "lastName": "ll",
      "username": "lll",
      "password": "llllll",
      "id": "m13YtVC"
    }
  ]
}