{
  "todos": [
    {
      "name": "ddd",
      "status": "dd",
      "id": 5
    },
    {
      "name": "aa",
      "status": "dd",
      "id": 6
    },
    {
      "name": "a",
      "status": "ss",
      "id": 7
    },
    {
      "name": "rr",
      "status": "rrr",
      "id": 8
    },
    {
      "name": "aa",
      "status": "aa1",
      "id": 9
    },
    {
      "name": "cc",
      "status": "cc",
      "id": 10
    },
    {
      "name": "aa",
      "status": "a",
      "id": 11
    }
  ],
  "login": [
    {
      "username": "nih",
      "password": "123",
      "id": 1
    }
  ]
}